email,password
user1@ex.com,$2b$10$MmnaKo3ldSezcrielIGNIutvzZeLSuTVcEMGGqB4XQ8j79rFvameS
user2@ex.com,$2b$10$U6PBYBD1H5IHegcm0X2R0.aqWBlRv7jCt0oN5HBzquWVg4mNd3spa
user3@ex.com,$2b$10$j7B.UPEPsWQd35m9C0LdGuNzssBQOdwUJ7nZ2yjo3GsADlejgfcUO
user4@ex.com,$2b$10$kzADPF77dBz1IbM/yNedeeoH/usdiFoOaPdrf4.30hlT.phKARhAW
user5@ex.com,$2b$10$az8jGjGGD4ZHDd736OavIOZS/oYZdJVE0fOMWn1PyMypRgmleqNdq
user6@ex.com,$2b$10$4J8OcTlbu1UUPCX9mHiZPee.jJMDai6GwUzY1W06QVW/6aqcAqxYG
user7@ex.com,$2b$10$NQJKZRIE4CaE6S6mmOKREucfIAXMXWbB4HW0K4FY2IkwTvw.Bsyl.
user8@ex.com,$2b$10$GFQO2HkpnNg1djZ4wgmyyeLAZKudgtoxT8SG6fs1oYFXYiP/xfodK
user9@ex.com,$2b$10$./1yZDw0G6/4oO/xlqz3TOJ1642Nz3eH9ryw8LGz4hqA7d1u4W8kO
user10@ex.com,$2b$10$dL4wDqjal7JYszBeuI73R.HAoYq68ez3Oy8HFiGmUY6E57l/raURW
user11@ex.com,$2b$10$3MlyTxZbi3yOgcemK4bmv.hMsq4jPPp0ju3eEBz5LxKHWvNGIvv/6
user12@ex.com,$2b$10$fB0f.V6OLu7SL11QNO/Ize6pM9zLzbwz/YuRN/Xu7UBU/uCbPy63S
user13@ex.com,$2b$10$5O5YOT4NJTIK0WJoEuK9CuH1SeZRMfLVmrDMNUwl3L/ZBIzyUbf3y
user14@ex.com,$2b$10$JEUvZpidS8OL.AGiXjSjFOtdu6UVuQXT0prqrIUhS24CITLaV4n5.
user15@ex.com,$2b$10$i/83P/DHXV9hhTylJUo2Heys9igpgNV5U9Luy/x4N1YprrYJ8X4fm
user16@ex.com,$2b$10$ZGGDyUIgUC8NlEBj7mz4Le3IFxd0/Z4SH5TNRVulMCcye1Oa.s3/2
user17@ex.com,$2b$10$7g6SmR9y1JoehCbG7PrDC./A8QT3Hs1./DO7SIwExFk/bOWfNNFHe
user18@ex.com,$2b$10$dQoq7U3F4hJAaY7wb22wDudGENWFSz8Hh5vpwNSXWJ3ePR1cbrl1u
user19@ex.com,$2b$10$SlzVBRUoGPkDgRlrXPnMr.DA8/53sIb8.5jMkxYmELHe9X59shbpK
user20@ex.com,$2b$10$n6cy/W3RQbPytbvlWEscWuurccb35tGTUsvD9y6GNb6dIpnsJRxR6
user21@ex.com,$2b$10$8cVb4QcVyKhWYiZlCGJw9.y0LtueZ3r88.MIBpw7hULa/YjcG0IOO
user22@ex.com,$2b$10$DauE0HYaH3gGYGs5M4OdveXCqsCBYZAX2UQ2LdlTui9F/wSUITubK
user23@ex.com,$2b$10$F/BaH9jEdA9Pv0v.eYQZou3HfWTiE3/hxTBb6JrrGxMPd6sUu7URO
user24@ex.com,$2b$10$WHo/XOKER4RkpUixrjMUku4b303YNjlMJ4NBp7BKMO6IiY4xBRNsy
user25@ex.com,$2b$10$APYlNN4HAIWsuOv//qbah.T4t6C683.AGKSoGkkFST/kSQLmeRUSi
user26@ex.com,$2b$10$4HR5AYkxiH.IP4st/ZaeT.Oxuv5SLcq3pTG53AnJ.JOE.WF8qeIYG
user27@ex.com,$2b$10$wvlgzMt7jGm.fzg420BxpuIZv0C5mGq9YDkcmMwQmBQAwuI/D1B6K
user28@ex.com,$2b$10$H61BHF.ZIJiSucgRaf63X.x9dyvDszrv7QzOewDXmx89n3VrXbNUy
user29@ex.com,$2b$10$G/Mi9vO7yjgFeAmKLVZ0gO.rD0qBJzt5BU.NR/PcqQLKcLGL90U0C
user30@ex.com,$2b$10$CKU4RzA1skSLXlYwBqx7f.N5ev2ft6eD38UlUC.HbFCVzNRK4tkSW
user31@ex.com,$2b$10$kyQtVgkoMQbXB8vH1ELRNO1oJPQozVajUG5mQry8hvbTny9fPX/EW
user32@ex.com,$2b$10$rfXfg83aTApt.vFLQsL/0.WyWLoyJ7REMjsSRb9nzbZx4f/agHB0i
user33@ex.com,$2b$10$0HC14kwzvGFx2qG3PjObk.jHFELj7PSh6cIf8cXZp5.pebT.gMq5C
user34@ex.com,$2b$10$TbM8dqkx06bFF8PLx50dYOq9ZNn4x0JXvTNU077CV2T288J2aAAHm
user35@ex.com,$2b$10$/7/ktQuOY25zs0PV8MtLQOB9greYltQrWLSiO83zt/xq1kwMGgr5S
user36@ex.com,$2b$10$WqHczWaNsmPN6AR7FxN2Pu294v1vySq.ly7wyzQffgEj5qa8hp/LG
user37@ex.com,$2b$10$chR76FPSsU6uQlzg.y3uJO83oQBpgjHl5jxUdH83y090YeyuJkzB6
user38@ex.com,$2b$10$6FvGefNRw2wQGZrtBpapourHr9dKaVqNqdtLet06P83Cpqya8fx3u
user39@ex.com,$2b$10$WopmmF9FfhjE/sispmGUxeAfW/BFouWs0u17kgH3PbFXDD4QrAgbu
user40@ex.com,$2b$10$xNkEIAGuHQIBQTgpCYmhxuha/lg53FclvgZMbtO2DqJhNAgFDPn5q
user41@ex.com,$2b$10$7s6Zh8gvwroKILHvnwAGQ.Dy8jdeTARXFKp7tpg7QaCUhUPORmKke
user42@ex.com,$2b$10$fXLTtdb5G35beOFWjviE/.IK//xjMLLfUqlwNKfwc3ICjedofQRQy
user43@ex.com,$2b$10$gHOBCVYOMMWJVnSnOdxHP.O9aEcVfcyAiGIAG7xoGiVOjSGcvAGAS
user44@ex.com,$2b$10$bXsZwisSbQ9jvogHNokyNOB.S0AjF/Luq8E5dBKtf/EOUvH0yerFa
user45@ex.com,$2b$10$01ywVNegpUaLPizxQEq9i.Lz.8NkwU2l3.ukUHHBULJQeBQlqTtQu
user46@ex.com,$2b$10$nR5ErP0jXBJpV7vC2pk0auvBmsllnqATiak5vUDpteR4lXQWSE8kO
user47@ex.com,$2b$10$iRmOcZhp/hOmOyJWa//Qpe3CP2SpKIrELofXgtRc.xwHJj774M.U6
user48@ex.com,$2b$10$SC9VSlAGFdBvssem1U.J.eOdfkw.JepCoLSqaG3jHnR1jCRD6BLiq
user49@ex.com,$2b$10$0yUZlwDRE61UcqSvY5R22..mIIkvJzf2VbX.PX4i/HB2q9zl6Pgha
user50@ex.com,$2b$10$Qp5iDTMaIIQiCQ9rLuUKGuRqMQVGAi4YTsj7PzgAkY0oU1F4eFtve
user51@ex.com,$2b$10$42FOdlob.jwrZCdYIQRWd./oXO27wqnuSRQolBDZJOZtcnycs6Dxe
user52@ex.com,$2b$10$2Y4mifoapcG5llL56JdfV.HqRQ373dtRWfhkZv81jGcL3ng5/1Naa
user53@ex.com,$2b$10$u.I8S8liS9MNUsQEn9ojT.ci9eKuGWbWkFeyA2BZrQUTQnfsnJUT.
user54@ex.com,$2b$10$a1G78OqjRfTyZVpeEs.bjeN.PZr6Wt7qU7TCrvIO978otaPV34o0G
user55@ex.com,$2b$10$gtLbrEZDptAYyuKDDmVrDu5GTRYgYVo4NyY/0ui3LkrA7qm0mUjSq
user56@ex.com,$2b$10$7p.Jbc4RnA7LmeA6Ivfnt./LcRvmd.Xf3lQbwQDrJZnA4aSw33xSO
user57@ex.com,$2b$10$SG4SsGFXaizDKg5Lp9JgmekhQ4E8.fvogAWLsugMczxbT3xhANapK
user58@ex.com,$2b$10$wlFzoigr8x6GHygK9ptyg.ejA0NIXXANICH3fBBkJAPldkvP/qOFK
user59@ex.com,$2b$10$CUvTcP5FNPZqRXUYjcfmu.CtQvaufgVeUVqSeQZ/NlwejImYTNV.K
user60@ex.com,$2b$10$dzyA2gwj8I1mrgQo9RrNAuZYAAQffGSNIReWzn/BpX0BCTEIpNVu.
user61@ex.com,$2b$10$11tUUYv99cPKfpt7XVa6eOayXdvjHiv.aW6Ub4lsbQsiNsc1BcgKu
user62@ex.com,$2b$10$vgIT/6XLA4NTky94CHhBm.DMYSPpGlgNyi8GyUx9e1nvLrbYsZVJK
user63@ex.com,$2b$10$lM/ydHAkYj3TsG82obaZseu/HvjGncYn0gCZ28PSrsUYuJ6fNHibK
user64@ex.com,$2b$10$.uLod1obxsItOZoyZLEk7OCD2AXWEPwQusN1u4b56m68miOUuhEg.
user65@ex.com,$2b$10$lhnHwkvW.2NxhxeuSYft/OsrX4hJ3.D/V/IVqMahvGEZwvX4oFaj.
user66@ex.com,$2b$10$zOfE.t7DKINEUkY6TEHUKeiSly5j99QGpjACHi9Bl4kBGkO6MxvTC
user67@ex.com,$2b$10$qyMNmx3nU8r7ixp2MhM7M.by1q5GU0N7vgAbbC/Q8HfpdQpX2iMOq
user68@ex.com,$2b$10$vAZieUWtqEbLFdsbRRpNleajjqVAu2xcXnwnd9jXmo3eq/zgSquVG
user69@ex.com,$2b$10$J4YBGkuCKFw15Ew0AmCow.FeeTsljBzioWewioZs8ngKtyyI1T1P.
user70@ex.com,$2b$10$FVngQAAIFuqqE/w5J7yxmunrpQIW.Tp4tWSHUNk0FMTBsk4U8BQA.
user71@ex.com,$2b$10$4deKEPWLhFU6Vv.fecl.reZMEpd9xWbKJOOhXDq5C6.G8J7fydjEK
user72@ex.com,$2b$10$ybSlrMNqQXGvTzQXEp9W6.Rw8FiDp9YBzE2tLzkrJS2hOrZ2LGEw2
user73@ex.com,$2b$10$7V14UrE.GITTcDzrLu8OHOCoBru14eBu2b0ibGwjxoAd4QPWHcsMa
user74@ex.com,$2b$10$9PoBbwLc6yQ7A5s4OT7cIeARQI6wkaHT6kqR7.z98ik2lA.SOxXI.
user75@ex.com,$2b$10$7oe29od9v4JVFtgEYWq4QOmZyDCPOTttv4uiF9LUp0UheiNUp/0oC
user76@ex.com,$2b$10$8D78hTwECKaDCYU1aRKF3.bQnkoQbd2gJoSbUdpZ3fhx2P51jgVXq
user77@ex.com,$2b$10$AjSXAaMbSAAIlwEUeZXYLufBbbkj7loouyn4KuzEvKwbK1c71oLMu
user78@ex.com,$2b$10$WMeQXqWLMsB/xsUeBBs85.2LrxeINCPcG/Q2TliaNBBIhRrBn4I7e
user79@ex.com,$2b$10$PR0OLyaWvChq3ZoASUYliOTk.xJ7/CZYXycO60sCv2uXE5wD/xhx2
user80@ex.com,$2b$10$UbctX3W.G6DmCelwQaPW/..UjpuHWfHgVInuWM/Pzbrn1DY0QpYtq
user81@ex.com,$2b$10$zHWlTbzjzEOCl5.Xl6cKL.dJPrDjw2fwf5lA7CTq02ASAXEz8L9Cq
user82@ex.com,$2b$10$mZkeWlehjxQxgTGXM.Epm.GZ95r5r3x8/6fOjgxOEMD7pXYcz3fH.
user83@ex.com,$2b$10$x7AsS0QkDpFi1IGXa6uBCeZJKWg.g5oBN0XirXKG40Bk6.2ZlxY.u
user84@ex.com,$2b$10$Bm1IKJXLrX0QiKJ5tc3WqucblgwDJVggQcZDOS02k0.JidMavR8Bq
user85@ex.com,$2b$10$4grXFU7qKWrX/t/dPFKHM.8FJlWathNl1BhC1zhbXmK.znfHMlJGa
user86@ex.com,$2b$10$vJt/G6kquaHYoZ3KJTJb1u93Bea.Y5vzi6Rs3yAe3scrUvAzoqFwe
user87@ex.com,$2b$10$F2eo5QRlruaTsSjHTYJht.29bVX7m3Blp9eL4FSUHUMQwu/rWQaaa
user88@ex.com,$2b$10$N3Ko75crkPQ5PcYJeWnkVee42.ec7KKPS6ORovCGcrri6jyOFszcW
user89@ex.com,$2b$10$xzXWkiSyicUdiMuNzVv64uy2QrMvGz93Sod4daoMjPWgoMXbNGsRG
user90@ex.com,$2b$10$C4WuY84.dqVXVpqllmAv8.wfXYx4FutaCA2GkBze/6u28R2Vn9bmO
user91@ex.com,$2b$10$dCfSfCs/mNGY4ra3DKNJ2uyedA49OztJkI231cZSt3Bq2jI8hkFp.
user92@ex.com,$2b$10$cLQwxqoHX.tJETXRxGcauO20r0iueFK0tLV5uELsV9qT.kpenru2C
user93@ex.com,$2b$10$GJIlEBdcI/SOt1LNf64rAO/y2oFcUicgva.HgDbDkOvPOpYl9bSfm
user94@ex.com,$2b$10$PF3/wzLzcGJuiECK6y6po.Z6t5y.ukcM4oZaX7a6gQAvXhseznwSK
user95@ex.com,$2b$10$pKQZZCLhAzU/E71KXz.4k.OYgD0VIPoud5wZH4AB7sLSXB/4W/nsu
user96@ex.com,$2b$10$mvgI6nQy1v2sprjK6nEt0OZbS/QvqXOG5DtkqV6PrzP0opl2bh3s.
user97@ex.com,$2b$10$tYZiFqUWd1BuU5dKWMemP.OK8U7E1o.AiuFPr5oQUPfl4RZShIpm.
user98@ex.com,$2b$10$IiuQjYavx3WPgLZv3oHXkuED18oJUWeFlcrKHYl4qB0BBvswNd8.K
user99@ex.com,$2b$10$22Z5uOfwPWgy5crf5VqVZubRKODE.sCs3FJfNXZH1bUoMtXtn.bdK
user100@ex.com,$2b$10$TLT.QZF4xGWCz.Z3lu1cReRSqtFz/ojmnKFfAuLvy.qfIYYfl2s3C
